id,name,description,videoURL,mainImageURL,carouselImagesURL,logoURL,recentReviews,allReviews,releaseDate,developer,publisher,tags
1,Fixflex,"Fusce consequat. Nulla nisl. Nunc nisl.

Duis bibendum, felis sed interdum venenatis, turpis enim blandit mi, in porttitor pede justo eu massa. Donec dapibus. Duis at velit eu est congue elementum.",http://dummyimage.com/600x398.png/cc0000/ffffff,http://dummyimage.com/600x311.png/5fa2dd/ffffff,http://dummyimage.com/549x470.bmp/dddddd/000000,http://dummyimage.com/350x150.png/ff4444/ffffff,ability,Open-architected,8/31/2013,Ondricka-Kunde,"Turner, Kirlin and Johns",Innovative
2,Home Ing,"Integer ac leo. Pellentesque ultrices mattis odio. Donec vitae nisi.

Nam ultrices, libero non mattis pulvinar, nulla pede ullamcorper augue, a suscipit nulla elit ac nulla. Sed vel enim sit amet nunc viverra dapibus. Nulla suscipit ligula in lacus.

Curabitur at ipsum ac tellus semper interdum. Mauris ullamcorper purus sit amet nulla. Quisque arcu libero, rutrum ac, lobortis vel, dapibus at, diam.",http://dummyimage.com/600x366.png/ff4444/ffffff,http://dummyimage.com/600x345.png/cc0000/ffffff,http://dummyimage.com/552x500.bmp/dddddd/000000,http://dummyimage.com/350x150.png/dddddd/000000,Organized,Synchronised,11/23/2012,Leffler-Kovacek,Kiehn Inc,capability
3,Latlux,"Maecenas tristique, est et tempus semper, est quam pharetra magna, ac consequat metus sapien ut nunc. Vestibulum ante ipsum primis in faucibus orci luctus et ultrices posuere cubilia Curae; Mauris viverra diam vitae quam. Suspendisse potenti.

Nullam porttitor lacus at turpis. Donec posuere metus vitae ipsum. Aliquam non mauris.

Morbi non lectus. Aliquam sit amet diam in magna bibendum imperdiet. Nullam orci pede, venenatis non, sodales sed, tincidunt eu, felis.",http://dummyimage.com/600x325.bmp/ff4444/ffffff,http://dummyimage.com/600x348.jpg/ff4444/ffffff,http://dummyimage.com/683x496.bmp/5fa2dd/ffffff,http://dummyimage.com/350x150.bmp/ff4444/ffffff,solution,Face to face,12/2/2015,Dach and Sons,"Kertzmann, Swift and Haley",interface
4,Andalax,In congue. Etiam justo. Etiam pretium iaculis justo.,http://dummyimage.com/600x333.jpg/5fa2dd/ffffff,http://dummyimage.com/600x331.png/dddddd/000000,http://dummyimage.com/613x472.bmp/ff4444/ffffff,http://dummyimage.com/350x150.png/ff4444/ffffff,array,Self-enabling,5/29/2008,Mitchell-Kassulke,"Larson, Orn and Boyle",Pre-emptive
5,Lotlux,"Aenean lectus. Pellentesque eget nunc. Donec quis orci eget orci vehicula condimentum.

Curabitur in libero ut massa volutpat convallis. Morbi odio odio, elementum eu, interdum eu, tincidunt in, leo. Maecenas pulvinar lobortis est.",http://dummyimage.com/600x320.bmp/dddddd/000000,http://dummyimage.com/600x394.bmp/5fa2dd/ffffff,http://dummyimage.com/696x397.bmp/dddddd/000000,http://dummyimage.com/350x150.bmp/dddddd/000000,Optional,superstructure,2/28/2004,Reichert LLC,Funk Inc,intangible
6,Wrapsafe,"Duis consequat dui nec nisi volutpat eleifend. Donec ut dolor. Morbi vel lectus in quam fringilla rhoncus.

Mauris enim leo, rhoncus sed, vestibulum sit amet, cursus id, turpis. Integer aliquet, massa id lobortis convallis, tortor risus dapibus augue, vel accumsan tellus nisi eu orci. Mauris lacinia sapien quis libero.

Nullam sit amet turpis elementum ligula vehicula consequat. Morbi a ipsum. Integer a nibh.",http://dummyimage.com/600x391.png/5fa2dd/ffffff,http://dummyimage.com/600x368.png/5fa2dd/ffffff,http://dummyimage.com/491x482.jpg/ff4444/ffffff,http://dummyimage.com/350x150.bmp/cc0000/ffffff,24/7,real-time,1/11/2011,Stoltenberg Group,Bode LLC,mobile
7,Rank,"Duis consequat dui nec nisi volutpat eleifend. Donec ut dolor. Morbi vel lectus in quam fringilla rhoncus.

Mauris enim leo, rhoncus sed, vestibulum sit amet, cursus id, turpis. Integer aliquet, massa id lobortis convallis, tortor risus dapibus augue, vel accumsan tellus nisi eu orci. Mauris lacinia sapien quis libero.",http://dummyimage.com/600x318.png/ff4444/ffffff,http://dummyimage.com/600x395.png/ff4444/ffffff,http://dummyimage.com/683x395.jpg/cc0000/ffffff,http://dummyimage.com/350x150.jpg/dddddd/000000,directional,multi-tasking,6/12/2006,Prohaska Inc,Reilly and Sons,responsive
8,Cardguard,Phasellus sit amet erat. Nulla tempus. Vivamus in felis eu sapien cursus vestibulum.,http://dummyimage.com/600x349.bmp/5fa2dd/ffffff,http://dummyimage.com/600x359.png/ff4444/ffffff,http://dummyimage.com/638x460.bmp/5fa2dd/ffffff,http://dummyimage.com/350x150.png/ff4444/ffffff,Fully-configurable,Open-architected,6/4/2005,Kub-Oberbrunner,Kshlerin LLC,Profit-focused
9,It,"Phasellus sit amet erat. Nulla tempus. Vivamus in felis eu sapien cursus vestibulum.

Proin eu mi. Nulla ac enim. In tempor, turpis nec euismod scelerisque, quam turpis adipiscing lorem, vitae mattis nibh ligula nec sem.",http://dummyimage.com/600x391.jpg/ff4444/ffffff,http://dummyimage.com/600x303.jpg/cc0000/ffffff,http://dummyimage.com/577x346.bmp/5fa2dd/ffffff,http://dummyimage.com/350x150.bmp/cc0000/ffffff,local area network,Reactive,4/18/2007,Ruecker LLC,Green Inc,motivating
10,Solarbreeze,"Curabitur gravida nisi at nibh. In hac habitasse platea dictumst. Aliquam augue quam, sollicitudin vitae, consectetuer eget, rutrum at, lorem.

Integer tincidunt ante vel ipsum. Praesent blandit lacinia erat. Vestibulum sed magna at nunc commodo placerat.

Praesent blandit. Nam nulla. Integer pede justo, lacinia eget, tincidunt eget, tempus vel, pede.",http://dummyimage.com/600x316.png/ff4444/ffffff,http://dummyimage.com/600x310.bmp/5fa2dd/ffffff,http://dummyimage.com/680x370.png/ff4444/ffffff,http://dummyimage.com/350x150.bmp/ff4444/ffffff,Fundamental,Stand-alone,5/26/2017,McClure-Lynch,Grady LLC,secondary
11,Greenlam,"Duis bibendum, felis sed interdum venenatis, turpis enim blandit mi, in porttitor pede justo eu massa. Donec dapibus. Duis at velit eu est congue elementum.",http://dummyimage.com/600x396.png/cc0000/ffffff,http://dummyimage.com/600x387.png/ff4444/ffffff,http://dummyimage.com/593x348.png/ff4444/ffffff,http://dummyimage.com/350x150.jpg/5fa2dd/ffffff,upward-trending,Customer-focused,6/29/2000,Douglas-Weimann,Macejkovic-Klein,Exclusive
12,Home Ing,"Morbi non lectus. Aliquam sit amet diam in magna bibendum imperdiet. Nullam orci pede, venenatis non, sodales sed, tincidunt eu, felis.",http://dummyimage.com/600x346.png/dddddd/000000,http://dummyimage.com/600x365.jpg/ff4444/ffffff,http://dummyimage.com/436x478.png/dddddd/000000,http://dummyimage.com/350x150.bmp/cc0000/ffffff,open system,neutral,7/15/2016,Batz-Crooks,Frami-Tromp,concept
13,Latlux,Nullam sit amet turpis elementum ligula vehicula consequat. Morbi a ipsum. Integer a nibh.,http://dummyimage.com/600x315.bmp/ff4444/ffffff,http://dummyimage.com/600x306.bmp/5fa2dd/ffffff,http://dummyimage.com/619x491.jpg/cc0000/ffffff,http://dummyimage.com/350x150.bmp/5fa2dd/ffffff,Progressive,bi-directional,10/26/2012,"Bins, Steuber and Turcotte",Kilback Group,uniform
14,Greenlam,"Quisque id justo sit amet sapien dignissim vestibulum. Vestibulum ante ipsum primis in faucibus orci luctus et ultrices posuere cubilia Curae; Nulla dapibus dolor vel est. Donec odio justo, sollicitudin ut, suscipit a, feugiat et, eros.

Vestibulum ac est lacinia nisi venenatis tristique. Fusce congue, diam id ornare imperdiet, sapien urna pretium nisl, ut volutpat sapien arcu sed augue. Aliquam erat volutpat.",http://dummyimage.com/600x347.bmp/dddddd/000000,http://dummyimage.com/600x393.jpg/dddddd/000000,http://dummyimage.com/430x370.bmp/cc0000/ffffff,http://dummyimage.com/350x150.png/cc0000/ffffff,Distributed,emulation,2/6/2006,Gutmann Inc,Kutch LLC,global
15,Stronghold,"Vestibulum ac est lacinia nisi venenatis tristique. Fusce congue, diam id ornare imperdiet, sapien urna pretium nisl, ut volutpat sapien arcu sed augue. Aliquam erat volutpat.

In congue. Etiam justo. Etiam pretium iaculis justo.

In hac habitasse platea dictumst. Etiam faucibus cursus urna. Ut tellus.",http://dummyimage.com/600x366.jpg/ff4444/ffffff,http://dummyimage.com/600x308.bmp/cc0000/ffffff,http://dummyimage.com/531x439.png/5fa2dd/ffffff,http://dummyimage.com/350x150.jpg/ff4444/ffffff,non-volatile,Streamlined,8/30/2006,Rippin LLC,"Schaden, Muller and Bogisich",zero tolerance
16,Temp,"Vestibulum quam sapien, varius ut, blandit non, interdum in, ante. Vestibulum ante ipsum primis in faucibus orci luctus et ultrices posuere cubilia Curae; Duis faucibus accumsan odio. Curabitur convallis.",http://dummyimage.com/600x339.png/ff4444/ffffff,http://dummyimage.com/600x372.png/dddddd/000000,http://dummyimage.com/561x498.jpg/ff4444/ffffff,http://dummyimage.com/350x150.bmp/5fa2dd/ffffff,clear-thinking,website,1/1/2016,"Cremin, Deckow and Crist",Hamill-Kemmer,architecture
17,Span,Suspendisse potenti. In eleifend quam a odio. In hac habitasse platea dictumst.,http://dummyimage.com/600x353.bmp/5fa2dd/ffffff,http://dummyimage.com/600x344.jpg/dddddd/000000,http://dummyimage.com/504x349.png/dddddd/000000,http://dummyimage.com/350x150.jpg/dddddd/000000,intermediate,Distributed,12/22/2014,Hickle LLC,Fisher-Romaguera,leverage
18,Opela,"Cum sociis natoque penatibus et magnis dis parturient montes, nascetur ridiculus mus. Vivamus vestibulum sagittis sapien. Cum sociis natoque penatibus et magnis dis parturient montes, nascetur ridiculus mus.",http://dummyimage.com/600x356.jpg/ff4444/ffffff,http://dummyimage.com/600x397.jpg/ff4444/ffffff,http://dummyimage.com/633x334.jpg/ff4444/ffffff,http://dummyimage.com/350x150.bmp/5fa2dd/ffffff,interactive,Diverse,9/25/2009,Schulist-Mante,"Russel, Davis and Smitham",infrastructure
19,Bitchip,Nullam porttitor lacus at turpis. Donec posuere metus vitae ipsum. Aliquam non mauris.,http://dummyimage.com/600x375.jpg/ff4444/ffffff,http://dummyimage.com/600x302.png/5fa2dd/ffffff,http://dummyimage.com/607x480.jpg/5fa2dd/ffffff,http://dummyimage.com/350x150.bmp/ff4444/ffffff,tertiary,toolset,1/4/2005,Haley and Sons,"Yundt, Pouros and Kling",pricing structure
20,Lotstring,"Curabitur gravida nisi at nibh. In hac habitasse platea dictumst. Aliquam augue quam, sollicitudin vitae, consectetuer eget, rutrum at, lorem.

Integer tincidunt ante vel ipsum. Praesent blandit lacinia erat. Vestibulum sed magna at nunc commodo placerat.",http://dummyimage.com/600x317.jpg/cc0000/ffffff,http://dummyimage.com/600x398.jpg/dddddd/000000,http://dummyimage.com/619x354.jpg/ff4444/ffffff,http://dummyimage.com/350x150.jpg/dddddd/000000,Fundamental,architecture,12/21/2013,Johns-Green,Schultz LLC,stable
21,Temp,"Morbi non lectus. Aliquam sit amet diam in magna bibendum imperdiet. Nullam orci pede, venenatis non, sodales sed, tincidunt eu, felis.",http://dummyimage.com/600x363.bmp/5fa2dd/ffffff,http://dummyimage.com/600x322.bmp/ff4444/ffffff,http://dummyimage.com/424x484.bmp/dddddd/000000,http://dummyimage.com/350x150.bmp/dddddd/000000,knowledge user,Optional,11/20/2002,Schoen-Morissette,Roob-Beer,initiative
22,Fix San,"Proin interdum mauris non ligula pellentesque ultrices. Phasellus id sapien in sapien iaculis congue. Vivamus metus arcu, adipiscing molestie, hendrerit at, vulputate vitae, nisl.

Aenean lectus. Pellentesque eget nunc. Donec quis orci eget orci vehicula condimentum.",http://dummyimage.com/600x339.png/dddddd/000000,http://dummyimage.com/600x363.png/5fa2dd/ffffff,http://dummyimage.com/603x329.jpg/cc0000/ffffff,http://dummyimage.com/350x150.bmp/5fa2dd/ffffff,Organized,frame,10/19/2012,McKenzie-Cruickshank,Stiedemann Group,circuit
23,Zoolab,"Morbi porttitor lorem id ligula. Suspendisse ornare consequat lectus. In est risus, auctor sed, tristique in, tempus sit amet, sem.

Fusce consequat. Nulla nisl. Nunc nisl.

Duis bibendum, felis sed interdum venenatis, turpis enim blandit mi, in porttitor pede justo eu massa. Donec dapibus. Duis at velit eu est congue elementum.",http://dummyimage.com/600x343.png/dddddd/000000,http://dummyimage.com/600x374.jpg/cc0000/ffffff,http://dummyimage.com/672x472.bmp/cc0000/ffffff,http://dummyimage.com/350x150.png/ff4444/ffffff,responsive,Cross-group,11/16/2016,Nader-Paucek,Russel-Emard,cohesive
24,Transcof,"Phasellus sit amet erat. Nulla tempus. Vivamus in felis eu sapien cursus vestibulum.

Proin eu mi. Nulla ac enim. In tempor, turpis nec euismod scelerisque, quam turpis adipiscing lorem, vitae mattis nibh ligula nec sem.",http://dummyimage.com/600x300.png/cc0000/ffffff,http://dummyimage.com/600x339.png/ff4444/ffffff,http://dummyimage.com/616x443.png/dddddd/000000,http://dummyimage.com/350x150.bmp/cc0000/ffffff,3rd generation,Public-key,10/22/2000,"Kihn, Jakubowski and Runolfsdottir",Keeling Inc,Future-proofed
25,Hatity,"Curabitur gravida nisi at nibh. In hac habitasse platea dictumst. Aliquam augue quam, sollicitudin vitae, consectetuer eget, rutrum at, lorem.

Integer tincidunt ante vel ipsum. Praesent blandit lacinia erat. Vestibulum sed magna at nunc commodo placerat.

Praesent blandit. Nam nulla. Integer pede justo, lacinia eget, tincidunt eget, tempus vel, pede.",http://dummyimage.com/600x322.png/dddddd/000000,http://dummyimage.com/600x311.jpg/5fa2dd/ffffff,http://dummyimage.com/617x375.bmp/dddddd/000000,http://dummyimage.com/350x150.png/dddddd/000000,multimedia,local,3/16/2010,Harvey Inc,Gislason LLC,flexibility
26,Bitwolf,Integer tincidunt ante vel ipsum. Praesent blandit lacinia erat. Vestibulum sed magna at nunc commodo placerat.,http://dummyimage.com/600x368.png/ff4444/ffffff,http://dummyimage.com/600x363.png/dddddd/000000,http://dummyimage.com/421x469.bmp/dddddd/000000,http://dummyimage.com/350x150.png/5fa2dd/ffffff,Right-sized,circuit,12/6/2013,Connelly-Dickinson,Berge-Schroeder,bi-directional
27,Alpha,"Vestibulum quam sapien, varius ut, blandit non, interdum in, ante. Vestibulum ante ipsum primis in faucibus orci luctus et ultrices posuere cubilia Curae; Duis faucibus accumsan odio. Curabitur convallis.",http://dummyimage.com/600x364.bmp/dddddd/000000,http://dummyimage.com/600x353.png/5fa2dd/ffffff,http://dummyimage.com/662x302.png/cc0000/ffffff,http://dummyimage.com/350x150.jpg/dddddd/000000,process improvement,parallelism,7/18/2000,"Rogahn, Gleason and Crona",Nitzsche-Buckridge,Networked
28,Biodex,"Curabitur gravida nisi at nibh. In hac habitasse platea dictumst. Aliquam augue quam, sollicitudin vitae, consectetuer eget, rutrum at, lorem.

Integer tincidunt ante vel ipsum. Praesent blandit lacinia erat. Vestibulum sed magna at nunc commodo placerat.",http://dummyimage.com/600x307.png/cc0000/ffffff,http://dummyimage.com/600x316.png/dddddd/000000,http://dummyimage.com/493x495.jpg/cc0000/ffffff,http://dummyimage.com/350x150.png/ff4444/ffffff,time-frame,challenge,11/30/2011,Mills Group,"Zboncak, White and Goodwin",Vision-oriented
29,Namfix,"Vestibulum quam sapien, varius ut, blandit non, interdum in, ante. Vestibulum ante ipsum primis in faucibus orci luctus et ultrices posuere cubilia Curae; Duis faucibus accumsan odio. Curabitur convallis.

Duis consequat dui nec nisi volutpat eleifend. Donec ut dolor. Morbi vel lectus in quam fringilla rhoncus.",http://dummyimage.com/600x351.bmp/dddddd/000000,http://dummyimage.com/600x392.png/dddddd/000000,http://dummyimage.com/450x338.png/dddddd/000000,http://dummyimage.com/350x150.jpg/cc0000/ffffff,3rd generation,Reduced,10/6/2014,Willms-Kreiger,Maggio Inc,budgetary management
30,Cookley,"Fusce consequat. Nulla nisl. Nunc nisl.

Duis bibendum, felis sed interdum venenatis, turpis enim blandit mi, in porttitor pede justo eu massa. Donec dapibus. Duis at velit eu est congue elementum.

In hac habitasse platea dictumst. Morbi vestibulum, velit id pretium iaculis, diam erat fermentum justo, nec condimentum neque sapien placerat ante. Nulla justo.",http://dummyimage.com/600x330.png/ff4444/ffffff,http://dummyimage.com/600x324.bmp/dddddd/000000,http://dummyimage.com/551x373.jpg/5fa2dd/ffffff,http://dummyimage.com/350x150.jpg/ff4444/ffffff,Diverse,discrete,8/8/2004,Bednar Group,Daugherty-Zemlak,initiative
31,Solarbreeze,"Curabitur in libero ut massa volutpat convallis. Morbi odio odio, elementum eu, interdum eu, tincidunt in, leo. Maecenas pulvinar lobortis est.",http://dummyimage.com/600x304.jpg/cc0000/ffffff,http://dummyimage.com/600x359.png/ff4444/ffffff,http://dummyimage.com/629x462.bmp/dddddd/000000,http://dummyimage.com/350x150.bmp/dddddd/000000,upward-trending,Realigned,2/24/2005,"Hilll, Terry and Tromp","Huel, Block and Collins",Customer-focused
32,Andalax,Duis bibendum. Morbi non quam nec dui luctus rutrum. Nulla tellus.,http://dummyimage.com/600x342.jpg/cc0000/ffffff,http://dummyimage.com/600x364.bmp/5fa2dd/ffffff,http://dummyimage.com/498x425.jpg/5fa2dd/ffffff,http://dummyimage.com/350x150.jpg/5fa2dd/ffffff,architecture,Self-enabling,8/8/2007,Jaskolski LLC,"Ward, Reinger and Hand",Right-sized
33,Subin,"Maecenas ut massa quis augue luctus tincidunt. Nulla mollis molestie lorem. Quisque ut erat.

Curabitur gravida nisi at nibh. In hac habitasse platea dictumst. Aliquam augue quam, sollicitudin vitae, consectetuer eget, rutrum at, lorem.

Integer tincidunt ante vel ipsum. Praesent blandit lacinia erat. Vestibulum sed magna at nunc commodo placerat.",http://dummyimage.com/600x399.png/ff4444/ffffff,http://dummyimage.com/600x358.bmp/dddddd/000000,http://dummyimage.com/563x346.bmp/dddddd/000000,http://dummyimage.com/350x150.bmp/5fa2dd/ffffff,context-sensitive,tertiary,3/3/2012,Goyette-Gerlach,Aufderhar-Considine,frame
34,Span,"Sed ante. Vivamus tortor. Duis mattis egestas metus.

Aenean fermentum. Donec ut mauris eget massa tempor convallis. Nulla neque libero, convallis eget, eleifend luctus, ultricies eu, nibh.",http://dummyimage.com/600x312.jpg/cc0000/ffffff,http://dummyimage.com/600x301.png/ff4444/ffffff,http://dummyimage.com/575x390.png/5fa2dd/ffffff,http://dummyimage.com/350x150.jpg/5fa2dd/ffffff,De-engineered,Reverse-engineered,7/21/2009,Rippin-O'Hara,Kertzmann-Rau,Reverse-engineered
35,Opela,"Duis bibendum. Morbi non quam nec dui luctus rutrum. Nulla tellus.

In sagittis dui vel nisl. Duis ac nibh. Fusce lacus purus, aliquet at, feugiat non, pretium quis, lectus.

Suspendisse potenti. In eleifend quam a odio. In hac habitasse platea dictumst.",http://dummyimage.com/600x397.jpg/ff4444/ffffff,http://dummyimage.com/600x309.jpg/dddddd/000000,http://dummyimage.com/451x413.jpg/cc0000/ffffff,http://dummyimage.com/350x150.bmp/dddddd/000000,support,methodology,3/24/2012,Gerhold-Bruen,Purdy LLC,human-resource
36,Lotstring,"Fusce consequat. Nulla nisl. Nunc nisl.

Duis bibendum, felis sed interdum venenatis, turpis enim blandit mi, in porttitor pede justo eu massa. Donec dapibus. Duis at velit eu est congue elementum.

In hac habitasse platea dictumst. Morbi vestibulum, velit id pretium iaculis, diam erat fermentum justo, nec condimentum neque sapien placerat ante. Nulla justo.",http://dummyimage.com/600x321.jpg/ff4444/ffffff,http://dummyimage.com/600x339.png/dddddd/000000,http://dummyimage.com/460x496.bmp/5fa2dd/ffffff,http://dummyimage.com/350x150.bmp/cc0000/ffffff,throughput,background,6/22/2008,Casper-Lubowitz,"Grimes, Jacobs and Marquardt",intranet
37,Ronstring,"In quis justo. Maecenas rhoncus aliquam lacus. Morbi quis tortor id nulla ultrices aliquet.

Maecenas leo odio, condimentum id, luctus nec, molestie sed, justo. Pellentesque viverra pede ac diam. Cras pellentesque volutpat dui.",http://dummyimage.com/600x310.bmp/dddddd/000000,http://dummyimage.com/600x345.png/ff4444/ffffff,http://dummyimage.com/661x395.bmp/dddddd/000000,http://dummyimage.com/350x150.bmp/ff4444/ffffff,4th generation,multimedia,2/10/2004,"Lubowitz, Williamson and Marks","Cole, Rutherford and Goodwin",holistic
38,Sub-Ex,Cras non velit nec nisi vulputate nonummy. Maecenas tincidunt lacus at velit. Vivamus vel nulla eget eros elementum pellentesque.,http://dummyimage.com/600x356.png/cc0000/ffffff,http://dummyimage.com/600x345.bmp/5fa2dd/ffffff,http://dummyimage.com/615x387.bmp/5fa2dd/ffffff,http://dummyimage.com/350x150.bmp/cc0000/ffffff,hybrid,matrices,1/15/2004,Miller Inc,Blick Group,tangible
39,Pannier,"Curabitur gravida nisi at nibh. In hac habitasse platea dictumst. Aliquam augue quam, sollicitudin vitae, consectetuer eget, rutrum at, lorem.

Integer tincidunt ante vel ipsum. Praesent blandit lacinia erat. Vestibulum sed magna at nunc commodo placerat.

Praesent blandit. Nam nulla. Integer pede justo, lacinia eget, tincidunt eget, tempus vel, pede.",http://dummyimage.com/600x372.png/5fa2dd/ffffff,http://dummyimage.com/600x333.bmp/dddddd/000000,http://dummyimage.com/683x487.jpg/dddddd/000000,http://dummyimage.com/350x150.bmp/5fa2dd/ffffff,Graphical User Interface,static,2/23/2009,"Jones, Hamill and Zboncak",Collier-Greenfelder,Enterprise-wide
40,Transcof,"Cras mi pede, malesuada in, imperdiet et, commodo vulputate, justo. In blandit ultrices enim. Lorem ipsum dolor sit amet, consectetuer adipiscing elit.

Proin interdum mauris non ligula pellentesque ultrices. Phasellus id sapien in sapien iaculis congue. Vivamus metus arcu, adipiscing molestie, hendrerit at, vulputate vitae, nisl.",http://dummyimage.com/600x335.png/5fa2dd/ffffff,http://dummyimage.com/600x367.jpg/5fa2dd/ffffff,http://dummyimage.com/582x463.bmp/cc0000/ffffff,http://dummyimage.com/350x150.jpg/cc0000/ffffff,Horizontal,methodology,12/11/2013,"Towne, Boyle and Graham",Muller and Sons,real-time
41,Tresom,"Fusce posuere felis sed lacus. Morbi sem mauris, laoreet ut, rhoncus aliquet, pulvinar sed, nisl. Nunc rhoncus dui vel sem.

Sed sagittis. Nam congue, risus semper porta volutpat, quam pede lobortis ligula, sit amet eleifend pede libero quis orci. Nullam molestie nibh in lectus.",http://dummyimage.com/600x326.bmp/ff4444/ffffff,http://dummyimage.com/600x306.jpg/5fa2dd/ffffff,http://dummyimage.com/538x307.jpg/5fa2dd/ffffff,http://dummyimage.com/350x150.jpg/5fa2dd/ffffff,client-driven,Managed,4/6/2016,Kertzmann-Yost,"Shanahan, Nikolaus and Luettgen",knowledge base
42,Duobam,"Etiam vel augue. Vestibulum rutrum rutrum neque. Aenean auctor gravida sem.

Praesent id massa id nisl venenatis lacinia. Aenean sit amet justo. Morbi ut odio.",http://dummyimage.com/600x374.bmp/cc0000/ffffff,http://dummyimage.com/600x372.png/cc0000/ffffff,http://dummyimage.com/416x433.jpg/cc0000/ffffff,http://dummyimage.com/350x150.png/5fa2dd/ffffff,Re-engineered,bifurcated,4/6/2016,"Bogan, Swift and Bosco","Greenholt, Aufderhar and Zulauf",product
43,Stronghold,"Morbi non lectus. Aliquam sit amet diam in magna bibendum imperdiet. Nullam orci pede, venenatis non, sodales sed, tincidunt eu, felis.",http://dummyimage.com/600x318.bmp/dddddd/000000,http://dummyimage.com/600x389.png/5fa2dd/ffffff,http://dummyimage.com/432x469.jpg/ff4444/ffffff,http://dummyimage.com/350x150.jpg/dddddd/000000,software,cohesive,1/13/2007,Marks-Feeney,Strosin-Bechtelar,high-level
44,Tresom,"Curabitur in libero ut massa volutpat convallis. Morbi odio odio, elementum eu, interdum eu, tincidunt in, leo. Maecenas pulvinar lobortis est.

Phasellus sit amet erat. Nulla tempus. Vivamus in felis eu sapien cursus vestibulum.",http://dummyimage.com/600x349.jpg/5fa2dd/ffffff,http://dummyimage.com/600x319.bmp/cc0000/ffffff,http://dummyimage.com/618x315.bmp/5fa2dd/ffffff,http://dummyimage.com/350x150.bmp/cc0000/ffffff,disintermediate,Enhanced,6/4/2003,Smith-Kessler,Nienow-Heller,neural-net
45,Trippledex,"Nam ultrices, libero non mattis pulvinar, nulla pede ullamcorper augue, a suscipit nulla elit ac nulla. Sed vel enim sit amet nunc viverra dapibus. Nulla suscipit ligula in lacus.

Curabitur at ipsum ac tellus semper interdum. Mauris ullamcorper purus sit amet nulla. Quisque arcu libero, rutrum ac, lobortis vel, dapibus at, diam.",http://dummyimage.com/600x348.bmp/5fa2dd/ffffff,http://dummyimage.com/600x314.bmp/dddddd/000000,http://dummyimage.com/696x470.bmp/cc0000/ffffff,http://dummyimage.com/350x150.jpg/cc0000/ffffff,explicit,coherent,9/15/2008,"Kertzmann, Gislason and Harvey","Maggio, Rau and Roberts",web-enabled
46,Konklab,"Fusce posuere felis sed lacus. Morbi sem mauris, laoreet ut, rhoncus aliquet, pulvinar sed, nisl. Nunc rhoncus dui vel sem.

Sed sagittis. Nam congue, risus semper porta volutpat, quam pede lobortis ligula, sit amet eleifend pede libero quis orci. Nullam molestie nibh in lectus.",http://dummyimage.com/600x303.bmp/ff4444/ffffff,http://dummyimage.com/600x354.bmp/cc0000/ffffff,http://dummyimage.com/596x353.png/dddddd/000000,http://dummyimage.com/350x150.bmp/cc0000/ffffff,intermediate,collaboration,10/13/2017,"Haley, Bailey and Bailey","Harber, Torphy and Runolfsdottir",demand-driven
47,Flexidy,"Aenean fermentum. Donec ut mauris eget massa tempor convallis. Nulla neque libero, convallis eget, eleifend luctus, ultricies eu, nibh.",http://dummyimage.com/600x346.png/5fa2dd/ffffff,http://dummyimage.com/600x379.png/cc0000/ffffff,http://dummyimage.com/581x419.bmp/5fa2dd/ffffff,http://dummyimage.com/350x150.jpg/5fa2dd/ffffff,product,Synergized,10/18/2011,Kuhn-Cormier,Feest-Simonis,Graphic Interface
48,Holdlamis,"Aenean fermentum. Donec ut mauris eget massa tempor convallis. Nulla neque libero, convallis eget, eleifend luctus, ultricies eu, nibh.

Quisque id justo sit amet sapien dignissim vestibulum. Vestibulum ante ipsum primis in faucibus orci luctus et ultrices posuere cubilia Curae; Nulla dapibus dolor vel est. Donec odio justo, sollicitudin ut, suscipit a, feugiat et, eros.",http://dummyimage.com/600x311.bmp/5fa2dd/ffffff,http://dummyimage.com/600x380.jpg/5fa2dd/ffffff,http://dummyimage.com/699x343.jpg/ff4444/ffffff,http://dummyimage.com/350x150.bmp/dddddd/000000,directional,Enhanced,12/11/2017,O'Keefe-Pacocha,"Little, Lesch and Braun",architecture
49,Zaam-Dox,"Mauris enim leo, rhoncus sed, vestibulum sit amet, cursus id, turpis. Integer aliquet, massa id lobortis convallis, tortor risus dapibus augue, vel accumsan tellus nisi eu orci. Mauris lacinia sapien quis libero.",http://dummyimage.com/600x301.jpg/cc0000/ffffff,http://dummyimage.com/600x335.bmp/5fa2dd/ffffff,http://dummyimage.com/633x404.bmp/5fa2dd/ffffff,http://dummyimage.com/350x150.png/ff4444/ffffff,Ergonomic,Synergized,12/22/2012,Gorczany LLC,Pouros-Fritsch,Versatile
50,Bytecard,"Integer ac leo. Pellentesque ultrices mattis odio. Donec vitae nisi.

Nam ultrices, libero non mattis pulvinar, nulla pede ullamcorper augue, a suscipit nulla elit ac nulla. Sed vel enim sit amet nunc viverra dapibus. Nulla suscipit ligula in lacus.",http://dummyimage.com/600x365.bmp/cc0000/ffffff,http://dummyimage.com/600x360.bmp/ff4444/ffffff,http://dummyimage.com/456x422.png/5fa2dd/ffffff,http://dummyimage.com/350x150.png/ff4444/ffffff,Synergistic,stable,7/24/2013,Maggio-Emard,Crooks Group,projection
51,Overhold,"Fusce consequat. Nulla nisl. Nunc nisl.

Duis bibendum, felis sed interdum venenatis, turpis enim blandit mi, in porttitor pede justo eu massa. Donec dapibus. Duis at velit eu est congue elementum.

In hac habitasse platea dictumst. Morbi vestibulum, velit id pretium iaculis, diam erat fermentum justo, nec condimentum neque sapien placerat ante. Nulla justo.",http://dummyimage.com/600x398.png/cc0000/ffffff,http://dummyimage.com/600x377.png/cc0000/ffffff,http://dummyimage.com/515x306.bmp/dddddd/000000,http://dummyimage.com/350x150.jpg/dddddd/000000,scalable,dynamic,8/16/2002,Crist-Kunze,Treutel-Murazik,middleware
52,Holdlamis,"Pellentesque at nulla. Suspendisse potenti. Cras in purus eu magna vulputate luctus.

Cum sociis natoque penatibus et magnis dis parturient montes, nascetur ridiculus mus. Vivamus vestibulum sagittis sapien. Cum sociis natoque penatibus et magnis dis parturient montes, nascetur ridiculus mus.",http://dummyimage.com/600x327.png/ff4444/ffffff,http://dummyimage.com/600x314.bmp/cc0000/ffffff,http://dummyimage.com/537x447.jpg/ff4444/ffffff,http://dummyimage.com/350x150.jpg/5fa2dd/ffffff,Diverse,Realigned,11/4/2004,"Cruickshank, Vandervort and Satterfield",Luettgen LLC,challenge
53,Andalax,"Phasellus in felis. Donec semper sapien a libero. Nam dui.

Proin leo odio, porttitor id, consequat in, consequat ut, nulla. Sed accumsan felis. Ut at dolor quis odio consequat varius.

Integer ac leo. Pellentesque ultrices mattis odio. Donec vitae nisi.",http://dummyimage.com/600x348.png/5fa2dd/ffffff,http://dummyimage.com/600x338.jpg/cc0000/ffffff,http://dummyimage.com/520x362.bmp/cc0000/ffffff,http://dummyimage.com/350x150.jpg/ff4444/ffffff,reciprocal,customer loyalty,1/12/2003,Jenkins and Sons,Kulas-Bartell,Focused
54,Home Ing,"In congue. Etiam justo. Etiam pretium iaculis justo.

In hac habitasse platea dictumst. Etiam faucibus cursus urna. Ut tellus.",http://dummyimage.com/600x311.bmp/cc0000/ffffff,http://dummyimage.com/600x359.png/dddddd/000000,http://dummyimage.com/434x395.png/ff4444/ffffff,http://dummyimage.com/350x150.bmp/5fa2dd/ffffff,Synchronised,bottom-line,1/22/2016,"Franecki, Bins and Johnston","Howell, Bernier and Spencer",mission-critical
55,Rank,"Duis bibendum, felis sed interdum venenatis, turpis enim blandit mi, in porttitor pede justo eu massa. Donec dapibus. Duis at velit eu est congue elementum.

In hac habitasse platea dictumst. Morbi vestibulum, velit id pretium iaculis, diam erat fermentum justo, nec condimentum neque sapien placerat ante. Nulla justo.

Aliquam quis turpis eget elit sodales scelerisque. Mauris sit amet eros. Suspendisse accumsan tortor quis turpis.",http://dummyimage.com/600x304.bmp/5fa2dd/ffffff,http://dummyimage.com/600x345.png/ff4444/ffffff,http://dummyimage.com/581x412.jpg/cc0000/ffffff,http://dummyimage.com/350x150.png/5fa2dd/ffffff,Compatible,hardware,10/19/2002,Purdy and Sons,Mohr and Sons,local area network
56,Cardguard,Suspendisse potenti. In eleifend quam a odio. In hac habitasse platea dictumst.,http://dummyimage.com/600x346.jpg/dddddd/000000,http://dummyimage.com/600x370.png/ff4444/ffffff,http://dummyimage.com/531x362.jpg/5fa2dd/ffffff,http://dummyimage.com/350x150.bmp/5fa2dd/ffffff,disintermediate,project,10/22/2005,Sanford LLC,Sawayn-Lebsack,Persevering
57,Aerified,"Duis bibendum. Morbi non quam nec dui luctus rutrum. Nulla tellus.

In sagittis dui vel nisl. Duis ac nibh. Fusce lacus purus, aliquet at, feugiat non, pretium quis, lectus.",http://dummyimage.com/600x386.jpg/ff4444/ffffff,http://dummyimage.com/600x369.bmp/ff4444/ffffff,http://dummyimage.com/470x442.png/cc0000/ffffff,http://dummyimage.com/350x150.png/ff4444/ffffff,Organized,responsive,12/20/2004,"Jacobson, Hessel and Jerde",Heidenreich-Jakubowski,algorithm
58,Wrapsafe,Nullam sit amet turpis elementum ligula vehicula consequat. Morbi a ipsum. Integer a nibh.,http://dummyimage.com/600x309.bmp/dddddd/000000,http://dummyimage.com/600x397.jpg/cc0000/ffffff,http://dummyimage.com/468x450.jpg/5fa2dd/ffffff,http://dummyimage.com/350x150.png/dddddd/000000,methodical,intermediate,3/4/2014,"Dietrich, Orn and Hoeger",Champlin Inc,Robust
59,Sonair,Duis bibendum. Morbi non quam nec dui luctus rutrum. Nulla tellus.,http://dummyimage.com/600x331.jpg/cc0000/ffffff,http://dummyimage.com/600x373.png/ff4444/ffffff,http://dummyimage.com/552x417.jpg/5fa2dd/ffffff,http://dummyimage.com/350x150.jpg/dddddd/000000,bandwidth-monitored,paradigm,8/17/2013,Keeling LLC,Runte LLC,Configurable
60,Stronghold,"Maecenas leo odio, condimentum id, luctus nec, molestie sed, justo. Pellentesque viverra pede ac diam. Cras pellentesque volutpat dui.

Maecenas tristique, est et tempus semper, est quam pharetra magna, ac consequat metus sapien ut nunc. Vestibulum ante ipsum primis in faucibus orci luctus et ultrices posuere cubilia Curae; Mauris viverra diam vitae quam. Suspendisse potenti.

Nullam porttitor lacus at turpis. Donec posuere metus vitae ipsum. Aliquam non mauris.",http://dummyimage.com/600x331.png/cc0000/ffffff,http://dummyimage.com/600x350.bmp/cc0000/ffffff,http://dummyimage.com/437x438.jpg/5fa2dd/ffffff,http://dummyimage.com/350x150.png/5fa2dd/ffffff,hub,matrices,12/31/2007,Cormier-Glover,Fisher LLC,explicit
61,Span,"Duis bibendum, felis sed interdum venenatis, turpis enim blandit mi, in porttitor pede justo eu massa. Donec dapibus. Duis at velit eu est congue elementum.

In hac habitasse platea dictumst. Morbi vestibulum, velit id pretium iaculis, diam erat fermentum justo, nec condimentum neque sapien placerat ante. Nulla justo.

Aliquam quis turpis eget elit sodales scelerisque. Mauris sit amet eros. Suspendisse accumsan tortor quis turpis.",http://dummyimage.com/600x325.jpg/ff4444/ffffff,http://dummyimage.com/600x353.png/dddddd/000000,http://dummyimage.com/422x363.jpg/cc0000/ffffff,http://dummyimage.com/350x150.jpg/dddddd/000000,Synergized,frame,2/8/2016,Balistreri Group,Feest-Heaney,matrix
62,Konklab,"Curabitur in libero ut massa volutpat convallis. Morbi odio odio, elementum eu, interdum eu, tincidunt in, leo. Maecenas pulvinar lobortis est.

Phasellus sit amet erat. Nulla tempus. Vivamus in felis eu sapien cursus vestibulum.",http://dummyimage.com/600x388.png/ff4444/ffffff,http://dummyimage.com/600x361.jpg/5fa2dd/ffffff,http://dummyimage.com/678x448.jpg/cc0000/ffffff,http://dummyimage.com/350x150.jpg/dddddd/000000,global,user-facing,2/25/2003,Friesen-Huel,Bailey and Sons,website
63,Namfix,"Maecenas ut massa quis augue luctus tincidunt. Nulla mollis molestie lorem. Quisque ut erat.

Curabitur gravida nisi at nibh. In hac habitasse platea dictumst. Aliquam augue quam, sollicitudin vitae, consectetuer eget, rutrum at, lorem.

Integer tincidunt ante vel ipsum. Praesent blandit lacinia erat. Vestibulum sed magna at nunc commodo placerat.",http://dummyimage.com/600x373.jpg/5fa2dd/ffffff,http://dummyimage.com/600x384.png/cc0000/ffffff,http://dummyimage.com/425x470.bmp/cc0000/ffffff,http://dummyimage.com/350x150.png/cc0000/ffffff,attitude-oriented,alliance,11/20/2001,"King, Fadel and Grady",Treutel-Gusikowski,bandwidth-monitored
64,Voltsillam,"Praesent blandit. Nam nulla. Integer pede justo, lacinia eget, tincidunt eget, tempus vel, pede.

Morbi porttitor lorem id ligula. Suspendisse ornare consequat lectus. In est risus, auctor sed, tristique in, tempus sit amet, sem.",http://dummyimage.com/600x308.jpg/5fa2dd/ffffff,http://dummyimage.com/600x384.jpg/ff4444/ffffff,http://dummyimage.com/481x495.png/dddddd/000000,http://dummyimage.com/350x150.png/ff4444/ffffff,Programmable,encompassing,12/11/2010,Hagenes-Lakin,Howell LLC,protocol
65,Tampflex,"Duis consequat dui nec nisi volutpat eleifend. Donec ut dolor. Morbi vel lectus in quam fringilla rhoncus.

Mauris enim leo, rhoncus sed, vestibulum sit amet, cursus id, turpis. Integer aliquet, massa id lobortis convallis, tortor risus dapibus augue, vel accumsan tellus nisi eu orci. Mauris lacinia sapien quis libero.",http://dummyimage.com/600x314.bmp/5fa2dd/ffffff,http://dummyimage.com/600x383.png/cc0000/ffffff,http://dummyimage.com/433x326.png/dddddd/000000,http://dummyimage.com/350x150.jpg/dddddd/000000,Synergized,didactic,6/28/2012,Olson Inc,Balistreri-Hermann,Graphical User Interface
66,Voltsillam,"Sed sagittis. Nam congue, risus semper porta volutpat, quam pede lobortis ligula, sit amet eleifend pede libero quis orci. Nullam molestie nibh in lectus.

Pellentesque at nulla. Suspendisse potenti. Cras in purus eu magna vulputate luctus.

Cum sociis natoque penatibus et magnis dis parturient montes, nascetur ridiculus mus. Vivamus vestibulum sagittis sapien. Cum sociis natoque penatibus et magnis dis parturient montes, nascetur ridiculus mus.",http://dummyimage.com/600x372.png/cc0000/ffffff,http://dummyimage.com/600x357.jpg/5fa2dd/ffffff,http://dummyimage.com/626x314.jpg/ff4444/ffffff,http://dummyimage.com/350x150.jpg/cc0000/ffffff,Down-sized,success,5/6/2005,"Streich, Jakubowski and Weimann","Schumm, Wehner and McDermott",Distributed
67,Overhold,"Praesent blandit. Nam nulla. Integer pede justo, lacinia eget, tincidunt eget, tempus vel, pede.",http://dummyimage.com/600x369.bmp/cc0000/ffffff,http://dummyimage.com/600x380.bmp/5fa2dd/ffffff,http://dummyimage.com/597x406.png/cc0000/ffffff,http://dummyimage.com/350x150.png/ff4444/ffffff,utilisation,projection,1/22/2010,"Lang, Moen and Gutkowski",Lynch-Rohan,Distributed
68,Tempsoft,"Phasellus in felis. Donec semper sapien a libero. Nam dui.

Proin leo odio, porttitor id, consequat in, consequat ut, nulla. Sed accumsan felis. Ut at dolor quis odio consequat varius.

Integer ac leo. Pellentesque ultrices mattis odio. Donec vitae nisi.",http://dummyimage.com/600x370.bmp/ff4444/ffffff,http://dummyimage.com/600x372.jpg/ff4444/ffffff,http://dummyimage.com/648x375.png/ff4444/ffffff,http://dummyimage.com/350x150.jpg/ff4444/ffffff,analyzer,Optimized,11/30/2004,"Osinski, Gutmann and Lueilwitz","Hoppe, Brekke and Wunsch",encryption
69,Namfix,"Cras non velit nec nisi vulputate nonummy. Maecenas tincidunt lacus at velit. Vivamus vel nulla eget eros elementum pellentesque.

Quisque porta volutpat erat. Quisque erat eros, viverra eget, congue eget, semper rutrum, nulla. Nunc purus.",http://dummyimage.com/600x348.bmp/ff4444/ffffff,http://dummyimage.com/600x399.bmp/cc0000/ffffff,http://dummyimage.com/526x338.jpg/5fa2dd/ffffff,http://dummyimage.com/350x150.png/ff4444/ffffff,incremental,Team-oriented,11/16/2016,Macejkovic LLC,Senger-Ritchie,encoding
70,Vagram,In congue. Etiam justo. Etiam pretium iaculis justo.,http://dummyimage.com/600x320.png/dddddd/000000,http://dummyimage.com/600x357.png/cc0000/ffffff,http://dummyimage.com/518x496.bmp/cc0000/ffffff,http://dummyimage.com/350x150.bmp/5fa2dd/ffffff,bandwidth-monitored,knowledge user,11/9/2010,Bosco-Becker,Walsh-Purdy,open system
71,Flowdesk,"Morbi non lectus. Aliquam sit amet diam in magna bibendum imperdiet. Nullam orci pede, venenatis non, sodales sed, tincidunt eu, felis.

Fusce posuere felis sed lacus. Morbi sem mauris, laoreet ut, rhoncus aliquet, pulvinar sed, nisl. Nunc rhoncus dui vel sem.

Sed sagittis. Nam congue, risus semper porta volutpat, quam pede lobortis ligula, sit amet eleifend pede libero quis orci. Nullam molestie nibh in lectus.",http://dummyimage.com/600x331.png/5fa2dd/ffffff,http://dummyimage.com/600x341.bmp/5fa2dd/ffffff,http://dummyimage.com/423x405.bmp/dddddd/000000,http://dummyimage.com/350x150.png/5fa2dd/ffffff,task-force,Customer-focused,8/1/2014,Swift LLC,Orn-Hagenes,Reduced
72,Ronstring,"Vestibulum quam sapien, varius ut, blandit non, interdum in, ante. Vestibulum ante ipsum primis in faucibus orci luctus et ultrices posuere cubilia Curae; Duis faucibus accumsan odio. Curabitur convallis.

Duis consequat dui nec nisi volutpat eleifend. Donec ut dolor. Morbi vel lectus in quam fringilla rhoncus.

Mauris enim leo, rhoncus sed, vestibulum sit amet, cursus id, turpis. Integer aliquet, massa id lobortis convallis, tortor risus dapibus augue, vel accumsan tellus nisi eu orci. Mauris lacinia sapien quis libero.",http://dummyimage.com/600x364.png/ff4444/ffffff,http://dummyimage.com/600x317.jpg/5fa2dd/ffffff,http://dummyimage.com/625x308.jpg/ff4444/ffffff,http://dummyimage.com/350x150.bmp/ff4444/ffffff,directional,Streamlined,8/21/2017,Kuhlman Inc,Romaguera Inc,4th generation
73,Lotlux,"In congue. Etiam justo. Etiam pretium iaculis justo.

In hac habitasse platea dictumst. Etiam faucibus cursus urna. Ut tellus.

Nulla ut erat id mauris vulputate elementum. Nullam varius. Nulla facilisi.",http://dummyimage.com/600x315.bmp/ff4444/ffffff,http://dummyimage.com/600x315.bmp/5fa2dd/ffffff,http://dummyimage.com/408x357.bmp/cc0000/ffffff,http://dummyimage.com/350x150.jpg/dddddd/000000,Inverse,Customizable,7/14/2004,Wolf Inc,"Muller, VonRueden and Ebert",hardware
74,Flowdesk,Nullam sit amet turpis elementum ligula vehicula consequat. Morbi a ipsum. Integer a nibh.,http://dummyimage.com/600x390.jpg/dddddd/000000,http://dummyimage.com/600x345.bmp/cc0000/ffffff,http://dummyimage.com/426x490.png/dddddd/000000,http://dummyimage.com/350x150.jpg/dddddd/000000,help-desk,Programmable,9/15/2004,Kassulke-Auer,Hegmann Inc,access
75,Redhold,"Morbi porttitor lorem id ligula. Suspendisse ornare consequat lectus. In est risus, auctor sed, tristique in, tempus sit amet, sem.

Fusce consequat. Nulla nisl. Nunc nisl.

Duis bibendum, felis sed interdum venenatis, turpis enim blandit mi, in porttitor pede justo eu massa. Donec dapibus. Duis at velit eu est congue elementum.",http://dummyimage.com/600x371.png/ff4444/ffffff,http://dummyimage.com/600x308.bmp/5fa2dd/ffffff,http://dummyimage.com/675x352.bmp/5fa2dd/ffffff,http://dummyimage.com/350x150.jpg/dddddd/000000,human-resource,Inverse,5/14/2012,Keebler-Von,Dickinson-Balistreri,budgetary management
76,Kanlam,"Nam ultrices, libero non mattis pulvinar, nulla pede ullamcorper augue, a suscipit nulla elit ac nulla. Sed vel enim sit amet nunc viverra dapibus. Nulla suscipit ligula in lacus.

Curabitur at ipsum ac tellus semper interdum. Mauris ullamcorper purus sit amet nulla. Quisque arcu libero, rutrum ac, lobortis vel, dapibus at, diam.",http://dummyimage.com/600x333.jpg/ff4444/ffffff,http://dummyimage.com/600x320.png/dddddd/000000,http://dummyimage.com/581x411.bmp/ff4444/ffffff,http://dummyimage.com/350x150.jpg/5fa2dd/ffffff,intermediate,content-based,2/20/2005,Abshire-Maggio,"Zemlak, Stiedemann and Jakubowski",open system
77,Vagram,"Maecenas ut massa quis augue luctus tincidunt. Nulla mollis molestie lorem. Quisque ut erat.

Curabitur gravida nisi at nibh. In hac habitasse platea dictumst. Aliquam augue quam, sollicitudin vitae, consectetuer eget, rutrum at, lorem.

Integer tincidunt ante vel ipsum. Praesent blandit lacinia erat. Vestibulum sed magna at nunc commodo placerat.",http://dummyimage.com/600x373.jpg/5fa2dd/ffffff,http://dummyimage.com/600x366.jpg/dddddd/000000,http://dummyimage.com/421x371.bmp/dddddd/000000,http://dummyimage.com/350x150.bmp/dddddd/000000,regional,open system,9/8/2004,"Steuber, Schroeder and Gerlach",Hodkiewicz Group,human-resource
78,Cookley,"Duis bibendum, felis sed interdum venenatis, turpis enim blandit mi, in porttitor pede justo eu massa. Donec dapibus. Duis at velit eu est congue elementum.",http://dummyimage.com/600x341.bmp/ff4444/ffffff,http://dummyimage.com/600x398.jpg/cc0000/ffffff,http://dummyimage.com/525x405.bmp/5fa2dd/ffffff,http://dummyimage.com/350x150.png/cc0000/ffffff,mission-critical,demand-driven,4/21/2006,West-Gulgowski,Strosin Inc,Sharable
79,Zontrax,"Donec diam neque, vestibulum eget, vulputate ut, ultrices vel, augue. Vestibulum ante ipsum primis in faucibus orci luctus et ultrices posuere cubilia Curae; Donec pharetra, magna vestibulum aliquet ultrices, erat tortor sollicitudin mi, sit amet lobortis sapien sapien non mi. Integer ac neque.",http://dummyimage.com/600x395.bmp/cc0000/ffffff,http://dummyimage.com/600x364.png/cc0000/ffffff,http://dummyimage.com/700x437.bmp/ff4444/ffffff,http://dummyimage.com/350x150.jpg/cc0000/ffffff,Switchable,transitional,7/19/2015,"Von, DuBuque and Weber",Maggio-Zemlak,Centralized
80,Stim,"Aenean lectus. Pellentesque eget nunc. Donec quis orci eget orci vehicula condimentum.

Curabitur in libero ut massa volutpat convallis. Morbi odio odio, elementum eu, interdum eu, tincidunt in, leo. Maecenas pulvinar lobortis est.

Phasellus sit amet erat. Nulla tempus. Vivamus in felis eu sapien cursus vestibulum.",http://dummyimage.com/600x326.png/ff4444/ffffff,http://dummyimage.com/600x302.bmp/dddddd/000000,http://dummyimage.com/432x358.png/5fa2dd/ffffff,http://dummyimage.com/350x150.bmp/ff4444/ffffff,bottom-line,dynamic,2/1/2006,"Wehner, Bins and Sporer","MacGyver, Conroy and Macejkovic",customer loyalty
81,Toughjoyfax,"Proin leo odio, porttitor id, consequat in, consequat ut, nulla. Sed accumsan felis. Ut at dolor quis odio consequat varius.

Integer ac leo. Pellentesque ultrices mattis odio. Donec vitae nisi.

Nam ultrices, libero non mattis pulvinar, nulla pede ullamcorper augue, a suscipit nulla elit ac nulla. Sed vel enim sit amet nunc viverra dapibus. Nulla suscipit ligula in lacus.",http://dummyimage.com/600x322.png/cc0000/ffffff,http://dummyimage.com/600x337.jpg/ff4444/ffffff,http://dummyimage.com/539x387.jpg/ff4444/ffffff,http://dummyimage.com/350x150.jpg/cc0000/ffffff,customer loyalty,De-engineered,7/30/2015,"Oberbrunner, Connelly and Stark",Bechtelar-Mann,paradigm
82,Daltfresh,Duis consequat dui nec nisi volutpat eleifend. Donec ut dolor. Morbi vel lectus in quam fringilla rhoncus.,http://dummyimage.com/600x331.bmp/cc0000/ffffff,http://dummyimage.com/600x326.jpg/ff4444/ffffff,http://dummyimage.com/605x467.png/cc0000/ffffff,http://dummyimage.com/350x150.png/dddddd/000000,Proactive,Ergonomic,5/24/2010,"Fay, Becker and Reilly",Schiller-Keebler,parallelism
83,Ventosanzap,"Fusce consequat. Nulla nisl. Nunc nisl.

Duis bibendum, felis sed interdum venenatis, turpis enim blandit mi, in porttitor pede justo eu massa. Donec dapibus. Duis at velit eu est congue elementum.",http://dummyimage.com/600x396.bmp/dddddd/000000,http://dummyimage.com/600x376.png/ff4444/ffffff,http://dummyimage.com/650x486.jpg/cc0000/ffffff,http://dummyimage.com/350x150.bmp/dddddd/000000,needs-based,Down-sized,5/28/2013,Lang-Franecki,"Purdy, Dooley and Abbott",Fundamental
84,Trippledex,"Maecenas ut massa quis augue luctus tincidunt. Nulla mollis molestie lorem. Quisque ut erat.

Curabitur gravida nisi at nibh. In hac habitasse platea dictumst. Aliquam augue quam, sollicitudin vitae, consectetuer eget, rutrum at, lorem.",http://dummyimage.com/600x328.jpg/dddddd/000000,http://dummyimage.com/600x348.png/dddddd/000000,http://dummyimage.com/454x327.png/dddddd/000000,http://dummyimage.com/350x150.jpg/5fa2dd/ffffff,well-modulated,Synergized,3/17/2011,"Macejkovic, Conroy and Towne",Padberg LLC,client-server
85,Voyatouch,"Morbi porttitor lorem id ligula. Suspendisse ornare consequat lectus. In est risus, auctor sed, tristique in, tempus sit amet, sem.",http://dummyimage.com/600x374.bmp/cc0000/ffffff,http://dummyimage.com/600x305.bmp/5fa2dd/ffffff,http://dummyimage.com/631x476.png/5fa2dd/ffffff,http://dummyimage.com/350x150.jpg/ff4444/ffffff,forecast,Implemented,11/4/2004,"Schneider, Schiller and Feeney",Kreiger and Sons,adapter
86,Fixflex,"Aliquam quis turpis eget elit sodales scelerisque. Mauris sit amet eros. Suspendisse accumsan tortor quis turpis.

Sed ante. Vivamus tortor. Duis mattis egestas metus.",http://dummyimage.com/600x329.bmp/5fa2dd/ffffff,http://dummyimage.com/600x400.jpg/5fa2dd/ffffff,http://dummyimage.com/622x472.bmp/5fa2dd/ffffff,http://dummyimage.com/350x150.png/5fa2dd/ffffff,Organic,Robust,9/23/2006,Koss-Boehm,Buckridge Group,web-enabled
87,Trippledex,"Cum sociis natoque penatibus et magnis dis parturient montes, nascetur ridiculus mus. Vivamus vestibulum sagittis sapien. Cum sociis natoque penatibus et magnis dis parturient montes, nascetur ridiculus mus.

Etiam vel augue. Vestibulum rutrum rutrum neque. Aenean auctor gravida sem.

Praesent id massa id nisl venenatis lacinia. Aenean sit amet justo. Morbi ut odio.",http://dummyimage.com/600x314.png/ff4444/ffffff,http://dummyimage.com/600x385.jpg/ff4444/ffffff,http://dummyimage.com/407x433.bmp/ff4444/ffffff,http://dummyimage.com/350x150.bmp/cc0000/ffffff,Future-proofed,Open-source,6/5/2015,Macejkovic and Sons,Konopelski-Parker,multi-state
88,Trippledex,"Duis bibendum, felis sed interdum venenatis, turpis enim blandit mi, in porttitor pede justo eu massa. Donec dapibus. Duis at velit eu est congue elementum.

In hac habitasse platea dictumst. Morbi vestibulum, velit id pretium iaculis, diam erat fermentum justo, nec condimentum neque sapien placerat ante. Nulla justo.

Aliquam quis turpis eget elit sodales scelerisque. Mauris sit amet eros. Suspendisse accumsan tortor quis turpis.",http://dummyimage.com/600x397.jpg/cc0000/ffffff,http://dummyimage.com/600x356.bmp/dddddd/000000,http://dummyimage.com/674x457.jpg/5fa2dd/ffffff,http://dummyimage.com/350x150.jpg/cc0000/ffffff,discrete,Front-line,5/20/2015,Predovic-Spencer,Goldner LLC,tertiary
89,Vagram,"Sed sagittis. Nam congue, risus semper porta volutpat, quam pede lobortis ligula, sit amet eleifend pede libero quis orci. Nullam molestie nibh in lectus.",http://dummyimage.com/600x367.bmp/ff4444/ffffff,http://dummyimage.com/600x400.jpg/ff4444/ffffff,http://dummyimage.com/431x402.png/ff4444/ffffff,http://dummyimage.com/350x150.jpg/cc0000/ffffff,Exclusive,Public-key,12/26/2009,Bins and Sons,McGlynn-Kshlerin,context-sensitive
90,Transcof,"In quis justo. Maecenas rhoncus aliquam lacus. Morbi quis tortor id nulla ultrices aliquet.

Maecenas leo odio, condimentum id, luctus nec, molestie sed, justo. Pellentesque viverra pede ac diam. Cras pellentesque volutpat dui.",http://dummyimage.com/600x314.png/cc0000/ffffff,http://dummyimage.com/600x371.jpg/ff4444/ffffff,http://dummyimage.com/674x329.bmp/dddddd/000000,http://dummyimage.com/350x150.bmp/ff4444/ffffff,concept,Grass-roots,6/1/2003,Bayer LLC,"Schinner, Eichmann and Schowalter",user-facing
91,Fixflex,"In hac habitasse platea dictumst. Morbi vestibulum, velit id pretium iaculis, diam erat fermentum justo, nec condimentum neque sapien placerat ante. Nulla justo.",http://dummyimage.com/600x389.png/ff4444/ffffff,http://dummyimage.com/600x301.jpg/dddddd/000000,http://dummyimage.com/529x423.jpg/cc0000/ffffff,http://dummyimage.com/350x150.png/dddddd/000000,hub,Streamlined,8/30/2010,"Morar, Braun and Hilll","Bruen, Herman and Koepp",solution
92,Lotlux,Phasellus in felis. Donec semper sapien a libero. Nam dui.,http://dummyimage.com/600x368.bmp/dddddd/000000,http://dummyimage.com/600x333.jpg/5fa2dd/ffffff,http://dummyimage.com/444x422.png/5fa2dd/ffffff,http://dummyimage.com/350x150.bmp/ff4444/ffffff,function,Open-architected,8/3/2012,"Weber, Lakin and Fay",Hagenes and Sons,matrices
93,Fixflex,Sed ante. Vivamus tortor. Duis mattis egestas metus.,http://dummyimage.com/600x331.jpg/ff4444/ffffff,http://dummyimage.com/600x351.png/ff4444/ffffff,http://dummyimage.com/564x420.jpg/ff4444/ffffff,http://dummyimage.com/350x150.png/dddddd/000000,tertiary,workforce,12/20/2015,"Hansen, Runolfsdottir and Leuschke",Heidenreich Group,national
94,Veribet,"Duis bibendum, felis sed interdum venenatis, turpis enim blandit mi, in porttitor pede justo eu massa. Donec dapibus. Duis at velit eu est congue elementum.

In hac habitasse platea dictumst. Morbi vestibulum, velit id pretium iaculis, diam erat fermentum justo, nec condimentum neque sapien placerat ante. Nulla justo.",http://dummyimage.com/600x333.bmp/ff4444/ffffff,http://dummyimage.com/600x385.jpg/dddddd/000000,http://dummyimage.com/519x419.png/dddddd/000000,http://dummyimage.com/350x150.jpg/5fa2dd/ffffff,maximized,well-modulated,2/10/2003,Mohr and Sons,Veum-Bins,Business-focused
95,Home Ing,"Duis aliquam convallis nunc. Proin at turpis a pede posuere nonummy. Integer non velit.

Donec diam neque, vestibulum eget, vulputate ut, ultrices vel, augue. Vestibulum ante ipsum primis in faucibus orci luctus et ultrices posuere cubilia Curae; Donec pharetra, magna vestibulum aliquet ultrices, erat tortor sollicitudin mi, sit amet lobortis sapien sapien non mi. Integer ac neque.

Duis bibendum. Morbi non quam nec dui luctus rutrum. Nulla tellus.",http://dummyimage.com/600x320.jpg/dddddd/000000,http://dummyimage.com/600x315.png/cc0000/ffffff,http://dummyimage.com/596x399.bmp/dddddd/000000,http://dummyimage.com/350x150.jpg/cc0000/ffffff,alliance,homogeneous,9/12/2016,"Dicki, Kerluke and Champlin",Kertzmann-Bauch,database
96,Tresom,Duis consequat dui nec nisi volutpat eleifend. Donec ut dolor. Morbi vel lectus in quam fringilla rhoncus.,http://dummyimage.com/600x366.png/5fa2dd/ffffff,http://dummyimage.com/600x335.bmp/cc0000/ffffff,http://dummyimage.com/445x369.bmp/ff4444/ffffff,http://dummyimage.com/350x150.bmp/ff4444/ffffff,maximized,Synergistic,4/28/2016,Marquardt-Roob,Pfannerstill Group,Sharable
97,Y-find,"Duis bibendum. Morbi non quam nec dui luctus rutrum. Nulla tellus.

In sagittis dui vel nisl. Duis ac nibh. Fusce lacus purus, aliquet at, feugiat non, pretium quis, lectus.",http://dummyimage.com/600x391.png/ff4444/ffffff,http://dummyimage.com/600x400.jpg/5fa2dd/ffffff,http://dummyimage.com/410x459.jpg/5fa2dd/ffffff,http://dummyimage.com/350x150.png/5fa2dd/ffffff,open system,needs-based,9/13/2006,Kuvalis and Sons,"Robel, Harris and Hickle",contingency
98,Kanlam,"Quisque porta volutpat erat. Quisque erat eros, viverra eget, congue eget, semper rutrum, nulla. Nunc purus.

Phasellus in felis. Donec semper sapien a libero. Nam dui.

Proin leo odio, porttitor id, consequat in, consequat ut, nulla. Sed accumsan felis. Ut at dolor quis odio consequat varius.",http://dummyimage.com/600x328.bmp/dddddd/000000,http://dummyimage.com/600x335.bmp/cc0000/ffffff,http://dummyimage.com/439x458.jpg/cc0000/ffffff,http://dummyimage.com/350x150.bmp/5fa2dd/ffffff,framework,neural-net,7/16/2017,"Parisian, Ferry and Schultz","O'Conner, Bartell and Gerlach",Right-sized
99,Matsoft,"Pellentesque at nulla. Suspendisse potenti. Cras in purus eu magna vulputate luctus.

Cum sociis natoque penatibus et magnis dis parturient montes, nascetur ridiculus mus. Vivamus vestibulum sagittis sapien. Cum sociis natoque penatibus et magnis dis parturient montes, nascetur ridiculus mus.",http://dummyimage.com/600x336.jpg/dddddd/000000,http://dummyimage.com/600x374.png/5fa2dd/ffffff,http://dummyimage.com/679x365.bmp/ff4444/ffffff,http://dummyimage.com/350x150.jpg/5fa2dd/ffffff,interface,leverage,11/5/2013,Bogisich-Schmeler,Shanahan Group,discrete
100,Temp,"Maecenas ut massa quis augue luctus tincidunt. Nulla mollis molestie lorem. Quisque ut erat.

Curabitur gravida nisi at nibh. In hac habitasse platea dictumst. Aliquam augue quam, sollicitudin vitae, consectetuer eget, rutrum at, lorem.",http://dummyimage.com/600x400.png/5fa2dd/ffffff,http://dummyimage.com/600x377.png/5fa2dd/ffffff,http://dummyimage.com/468x307.png/dddddd/000000,http://dummyimage.com/350x150.png/5fa2dd/ffffff,paradigm,Customer-focused,12/7/2013,Lindgren-Hayes,"Kling, Wehner and Walsh",functionalities
